artist_album,year,cluster
Duke Ellington In A Mellotone,1940,17
Duke Ellington Sophisticated Lady,1940,17
Duke Ellington Black Brown and Beige,1943,0
Coleman Hawkins Rainbow Mist,1944,17
Mary Lou Williams Zodiac Suite,1945,0
Lennie Tristano Crosscurrents,1949,8
Duke Ellington Liberian Suite,1949,17
Lee Konitz Subconscious-Lee,1949,8
Bob Wilber Jazz Band,1949,0
Miles Davis Birth of the Cool,1950,10
Stan Kenton Presents,1950,0
Ralph Sutton Ralph Sutton,1950,0
Lennie Tristano Wow,1950,8
Stan Getz Quartets,1950,10
Stan Kenton City of Glass,1951,0
Oscar Peterson 1951,1951,23
Shorty Rogers Modern Sounds,1951,10
Gerry Mulligan Mulligan Quartet,1952,8
Duke Ellington Piano Reflections,1953,17
Ben Webster King Of The Tenors,1953,0
Modern Jazz Quartet Django,1953,2
Shorty Rogers Cool And Crazy,1953,17
Jay Jay Johnson Four Trombones,1953,0
Sarah Vaughan Sarah Vaughan,1954,0
Chet Baker Sextet,1954,10
Herbie Nichols The Third World,1955,6
Ahmad Jamal Poinciana,1955,0
Erroll Garner Concert by the Sea,1955,8
George Shearing Spell,1955,0
Horace Silver Horace Silver and the Jazz Messengers,1955,6
Lennie Tristano Lennie Tristano,1955,10
Oscar Peterson Al Zardis,1955,0
Frank Morgan Frank Morgan,1955,0
Herbie Nichols Herbie Nichols Trio,1955,0
Frank Sinatra Songs for Young Lovers,1955,17
Charles Mingus Pithecanthropus Erectus ,1956,2
Modern Jazz Quartet Fontessa,1956,23
Thelonious Monk Brilliant Corners,1956,6
Sonny Rollins Saxophone Colossus,1956,23
George Russell Jazz Workshop,1956,18
Lennie Tristano Manhattan Studio/ New York Improvisations,1956,4
Max Roach Plus Four,1956,0
John Lewis Grand Encounter,1956,8
Horace Silver Six Pieces of Silver ,1956,0
Kenny Burrell All Night Long,1956,0
Lucky Thompson Tricotism,1956,0
Phineas Newborn Piano Artistry,1956,0
Miles Davis Round About Midnight,1956,6
Zoot Sims Tonite's Music Today,1956,8
Mel Torme` Touch,1956,0
Quincy Jones This Is How I Feel About Jazz,1956,17
Stan Kenton Cuban Fire,1956,0
Jimmy Giuffre The Jimmy Giuffre Clarinet,1956,0
Jimmy Smith A New Star A New Sound,1956,23
Kenny Burrell All Day Long,1956,6
Charles Mingus Tijuana Moods,1957,2
Art Blakey Orgy In Rhythm,1957,23
Yusef Lateef Jazz Mood,1957,6
John Coltrane Blue Train,1957,6
John Lewis Piano,1957,10
Milt Jackson Soul Brothers,1957,10
Miles Davis Miles Ahead,1957,6
Ben Webster Soulville,1957,0
Sonny Rollins Way Out West,1957,6
Ben Webster Tenor Giants,1957,0
Art Pepper Meets the Rhythm Section,1957,23
Art Taylor Wailers,1957,6
Max Roach Jazz in 3/4 time,1957,0
Jay Jay Johnson Blue Trombone,1957,6
Hank Mobley Quintet,1957,6
Herbie Mann Flute Souffle,1957,0
Jimmy Giuffre Western Suite,1958,2
Sun Ra Jazz in Silhouette,1958,6
Sonny Rollins Freedom Suite,1958,0
Art Blakey Moanin',1958,6
Cecil Taylor Looking Ahead,1958,4
Jimmy Smith The Sermon,1958,0
Blue Mitchell Big Six,1958,6
Max Roach Deeds Not Words,1958,0
Clark Terry In Orbit,1958,6
Cannonball Adderley Somethin' Else,1958,6
Chico Hamilton Gongs East,1958,2
Hank Mobley Peckin' Time,1958,6
Mongo Santamaria Yambu,1958,0
Cal Tjader Latin Concert,1958,0
Toots Thielemans Man Bites Harmonica,1958,0
Thelonious Monk Misterioso,1958,6
Jimmy Giuffre The Four Brothers Sound .,1958,0
Ornette Coleman The Shape of Jazz To Come,1959,4
George Russell New York New York,1959,7
Miles Davis Kind Of Blue,1959,0
Charles Mingus Mingus Ah Um,1959,6
John Coltrane Giant Steps,1959,6
Art Pepper Plus Eleven,1959,0
Billy Taylor And Four Flutes,1959,23
Charles Mingus Blues and Roots,1959,2
Gerry Mulligan What Is There To Say,1959,23
Horace Silver Blowin; the Blues Away,1959,6
Horace Silver Finger Poppin',1959,6
Illinois Jacquet Flies Again,1959,0
Ira Sullivan Blue Stroll,1959,0
Jimmy Heath The Thumper,1959,23
Milt Jackson Bags And Trane,1959,6
Dave Brubeck Time Out,1959,10
Mongo Santamaria Mongo,1959,0
Jimmy Giuffre Seven Pieces,1959,0
Ornette Coleman Free Jazz,1960,4
Max Roach Freedom Now Suite,1960,6
Charles Mingus Presents,1960,2
Gunther Schuller [John Lewis] Jazz Abstractions,1960,0
George Russell Jazz in the Space Age,1960,21
Eric Dolphy Far Cry,1960,2
Joe Harriott Free Form,1960,4
Tina Brooks True Blue,1960,6
Randy Weston Uhuru Africa,1960,21
Gil Evans Out of the Cool,1960,1
Lennie Tristano The New Tristano,1960,4
Clark Terry Color Changes,1960,0
Jimmy Giuffre Pieces for Clarinet and Strings,1960,0
Hank Mobley Soul Station,1960,6
Horace Silver Horace-Scope,1960,6
Art Blakey The Big Beat,1960,23
Modern Jazz Quartet The Comedy,1960,2
Betty Carter The Modern Sound,1960,17
Oliver Nelson Takin' Care of Business,1960,0
Wes Montgomery The Incredible Jazz Guitar,1960,6
Sam Jones Soul Society,1960,6
George Russell Stratusphunk,1960,18
David Newman & James Clay The Sound Of the Wide Open Spaces,1960,0
Duke Jordan Flight To Jordan,1960,6
Herbie Mann Flute Brass Vibes And Percussion,1960,0
Jazztet Meet the Jazztet,1960,6
Phil Woods Rights Of Swing,1960,0
Art Pepper Gettin' Together,1960,23
Ornette Coleman Ornette,1961,15
John Coltrane Impressions,1961,18
Charles Mingus Oh Yeah,1961,2
Yusef Lateef Eastern Sounds,1961,18
Bill Evans Explorations,1961,18
George Russell Ezz-thetic,1961,8
Jimmy Giuffre Thesis,1961,0
Oliver Nelson Blues and the Abstract Truth,1961,11
John Coltrane My Favorite Things,1961,6
Cecil Taylor New York City R&B,1961,4
Hank Mobley Workout,1961,6
Jackie McLean Bluesnik,1961,6
Mal Waldron The Quest,1961,4
Max Roach Percussion Bitter Sweet,1961,6
Ran Blake & Jeanne Lee The Newest Sound Around,1961,1
Stan Getz Focus,1961,11
Benny Carter Further Definitions,1961,17
Art Blakey Mosaic,1961,6
Jimmy Giuffre Fusion,1961,4
Oliver Nelson Afro-American Sketches,1961,2
Wes Montgomery So Much Guitar,1961,2
Abbey Lincoln Straight Ahead,1961,2
Charles Mingus Epitaph,1962,2
Cecil Taylor Nefertiti,1962,2
Jimmy Giuffre Free Fall,1962,0
Joe Harriott Abstract,1962,4
Jackie McLean Let Freedom Ring,1962,6
Sonny Rollins The Bridge,1962,6
Dexter Gordon Go,1962,6
Freddie Hubbard Artistry,1962,2
Jimmy Woods Awakening,1962,2
George Russell Stratus Seekers,1962,18
Oscar Peterson Night Train,1962,0
Prince Lasha The Cry,1962,21
Sheila Jordan Portrait,1962,1
Charles Mingus The Black Saint And The Sinner Lady,1963,2
Sun Ra Cosmic Tones For Mental Therapy,1963,0
Joe Harriott Movement,1963,0
Bill Evans Conversations with Myself,1963,18
Thelonious Monk Criss Cross,1963,0
Jackie McLean Destination Out,1963,2
Stanley Turrentine Soul Shoutin',1963,0
Eric Dolphy Iron Man,1963,4
Jackie McLean One Step Beyond,1963,2
Joe Henderson Page One,1963,6
Kai Winding Solo,1963,0
Art Blakey Ugetsu,1963,6
Lee Morgan Sidewinder,1963,10
Donald Byrd A New Perspective,1963,0
Chico Hamilton Man from Two Worlds,1963,21
Grant Green Idle Moments,1963,23
Kenny Burrell Midnight Blue,1963,0
John Coltrane A Love Supreme,1964,18
Albert Ayler Spiritual Unity,1964,4
Eric Dolphy Out to Lunch,1964,18
Albert Ayler New York Eye And Ear Control,1964,4
Albert Ayler Witches and Devils,1964,7
Andrew Hill Point of Departure,1964,1
Sam Rivers Fuchsia Swing Song,1964,2
Wayne Shorter Speak No Evil,1964,2
Herbie Hancock Empyrean Isles,1964,21
New York Art Quartet New York Art Quartet,1964,4
Albert Ayler Vibrations,1964,4
Sun Ra Other Planes of There,1964,4
Horace Silver Song For My Father,1964,6
Andre Previn My Fair Lady,1964,10
Denny Zeitlin Carnival,1964,11
Kenny Burrell Guitar Forms,1964,0
Ben Webster Meet You At The Fair,1964,19
Oscar Peterson Canadian Suite,1964,0
Cal Tjader Soul Sauce,1964,0
Denny Zeitlin Cathexis,1964,18
Randy Weston African Cookbook,1964,21
Duke Pearson Wahoo,1964,6
Freddie Hubbard Breaking Point,1964,18
Joe Henderson In 'n Out,1964,18
Tony Scott Music For Zen Meditation,1964,0
Joe Henderson Inner Urge,1964,18
Larry Young Into Somethin',1964,2
Lee Morgan Search For The new Land,1964,6
John Coltrane Crescent,1964,18
Oscar Peterson Trio Plus One,1964,0
Shirley Scott Blue Flames,1964,0
Wayne Shorter Juju,1964,6
Tony Williams Life Time,1964,0
Guenter Hampel Heartplants,1964,0
Charles Lloyd Discovery,1964,1
John Coltrane Ascension,1965,5
Sun Ra The Magic City,1965,4
Marion Brown Quartet,1965,4
Don Cherry Complete Communion,1965,4
Sam Rivers Contours,1965,2
Herbie Hancock Maiden Voyage,1965,6
Sun Ra Heliocentric Worlds Vol 2,1965,4
John Coltrane Meditations,1965,5
Milford Graves Percussion Ensemble,1965,5
Patty Waters Sings,1965,4
Wayne Shorter The All Seeing Eye,1965,2
Frank Wright Trio,1965,4
Andrew Hill Compulsion,1965,7
Ornette Coleman Chappaqua Suite,1965,5
Wayne Shorter Soothsayer,1965,18
Bobby Hutcherson Components,1965,2
New York Art Quartet Mohawk,1965,4
Horace Silver The Cape Verdean Blues,1965,2
Bobby Hutcherson Dialogue,1965,2
Ben Webster Stormy Weather,1965,0
Lee Morgan Cornbread,1965,2
Prince Lasha Inside Story,1965,18
Lee Morgan The Gigolo,1965,6
Archie Shepp Fire Music,1965,4
Roswell Rudd Roswell Rudd,1965,4
Eddie Palmieri Mozambique,1965,0
Gabor Szabo Gypsy,1965,10
Cecil Taylor Unit Structures,1966,4
Roscoe Mitchell Sound,1966,4
Don Cherry Symphony For Improvisers,1966,4
Cecil Taylor Conquistador,1966,4
Alex Schlippenbach Globe Unity,1966,4
Archie Shepp Mama Too Tight,1966,4
Steve Lacy The Forest And The Zoo,1966,4
Steve Lacy Sortie,1966,4
Duke Ellington The Far East Suite,1966,17
Chick Corea Tones For Joan's Bones,1966,6
Sun Ra Strange Strings,1966,16
Patty Waters College Tour,1966,4
Joseph Jarman Song For,1966,5
Guenter Hampel Assemblage,1966,0
Joe Harriott Indo-Jazz Fusions,1966,0
Bobby Hutcherson Happenings,1966,2
Wayne Shorter Adams' Apple,1966,0
Bobby Hutcherson Stick-Up,1966,18
Charles Lloyd Dream Weaver,1966,2
Charles Tyler First Album,1966,0
Denny Zeitlin Zeitgeist,1966,1
Jaki Byard Sunshine Of My Soul,1966,2
Horace Silver The Jody Grind,1966,6
Larry Young Of Love And Peace,1966,0
Lee Morgan Delightfulee,1966,6
Sonny Simmons Music From The Spheres,1966,4
Dewey Redman Look for the Black Star,1966,6
Sunny Murray Sunny Murray Quintet,1966,4
Sun Ra Atlantis,1967,4
Gary Burton A Genuine Tong Funeral,1967,7
Sam Rivers Dimensions And Extensions,1967,4
Roscoe Mitchell Old Quartet,1967,0
Bill Dixon Intents And Purposes,1967,4
George Russell Othello Ballet Suite,1967,15
Muhal Richard Abrams Levels and Degrees of Light,1967,5
Archie Shepp The Magic of Ju-Ju,1967,2
Jackie McLean New and Old Gospel,1967,1
John Coltrane Interstellar Space,1967,4
Frank Wright Your Prayer,1967,4
Spontaneous Music Ensemble Withdrawal,1967,0
Peter Broetzmann For Adolph Sax,1967,0
Chick Corea Now He Sings Now He Sobs,1967,2
Miles Davis Nefertiti,1967,21
Jackie McLean Demon's Dance,1967,2
Miles Davis Sorcerer,1967,21
Gary Burton Duster,1967,0
John Coltrane Expression,1967,18
McCoyTyner The Real McCoy,1967,6
Wayne Shorter Schizophrenia,1967,2
Lee Konitz Duets,1967,18
Paul Bley Virtuosi,1967,7
Lester Bowie Numbers 1 & 2,1967,4
Paul Bley Ballads,1967,2
Michael Mantler Jazz Composers' Orchestra,1968,0
Roscoe Mitchell Congliptious,1968,4
Don Cherry Eternal Rhythm,1968,7
Miles Davis Filles de Kilimanjaro,1968,0
Peter Broetzmann Machine Gun,1968,0
John Surman John Surman,1968,0
Spontaneous Music Ensemble Karyobin,1968,16
Kenny Wheeler Windmill Tilter,1968,1
Modern Jazz Quartet Under the Jasmine Tree,1968,0
Roland Kirk Left And Right,1968,18
Sun Ra Outer Spaceways Incorporated,1968,4
Horace Silver Serenade to a Soul Sister,1968,6
Paul Horn Inside The Taj Mahal,1968,4
McCoyTyner Expansions,1968,21
Gary Bartz Another Earth,1968,0
Pat Martino Baiyina,1968,1
Charles Tolliver Paper Man,1968,2
Herbie Hancock Speak Like A Child,1968,18
Miles Davis Miles in the Sky,1968,6
Dave Burrell High Won High Two,1968,4
Anthony Braxton For Alto,1968,4
Don Cherry Mu,1969,4
Miles Davis Bitches Brew,1969,12
Pharoah Sanders Karma,1969,21
Miles Davis In a Silent Way,1969,0
Art Ensemble of Chicago People in Sorrow,1969,7
Art Ensemble of Chicago Reese and the Smooth Ones,1969,7
Kalaparusha Maurice McIntyre Humility In The Light Of Creator,1969,0
George Russell Electronic Sonata For Souls Loved By Nature,1969,1
Dollar Brand African Piano,1969,4
Guenter Hampel The 8th of July 1969,1969,0
Roland Kirk Rahsaan Rahsaan,1969,21
Pharoah Sanders Jewels Of Thought,1969,4
Archie Shepp Yasmina,1969,0
Art Ensemble of Chicago A Jackson In Your House,1969,4
Charles Tolliver The Ringer,1969,2
Joe McPhee Underground Railroad,1969,4
Jan Garbarek Esoteric Circle,1969,1
Pharoah Sanders Izipho Zam,1969,4
Art Ensemble of Chicago Message to our Folks,1969,4
Sunny Murray Homage to Africa,1969,0
Chick Corea Is,1969,1
Dave Burrell Echo,1969,4
Dewey Redman Tarik,1969,4
Willem Breuker Lunchconcert For Three Barrel-organs,1969,0
Joe Harriott Hum-Dono,1969,0
Peter Broetzmann Nipples,1969,0
Charles Earland Black Talk,1969,0
Wolfgang Dauner Fuer,1969,0
Eric Kloss To Hear Is To See,1969,0
Leon Thomas Spirits Known and Unknown,1969,2
Miroslav Vitous Moutain in the Clouds,1969,0
Tony Williams Emergency,1969,12
Archie Shepp Blase',1969,4
Dollar Brand African Sketchbook,1969,1
John McLaughlin Extrapolation,1969,3
Stanley Cowell Blues for the Viet Cong,1969,18
Stanley Cowell Brilliant Circles,1969,2
Wolfgang Dauner The Oimels,1969,3
Horace Tapscott West Coast Hot,1969,1
Liberation Music Orchestra Song for Che,1969,4
Paul Bley Improvisie,1970,15
Marion Brown Afternoon of a Georgia Faun,1970,4
Alice Coltrane Ptah The El Daoud,1970,0
McCoy Tyner Extensions,1970,23
Art Ensemble of Chicago Les Stances A Sophie,1970,7
Freddie Hubbard Straight Life,1970,10
Art Ensemble of Chicago With Fontella Bass,1970,4
Pharoah Sanders Summon Bukmun Umyun,1970,0
Jan Garbarek Afric Pepperbird,1970,7
Evan Parker The Topography of the Lungs,1970,5
Herbie Hancock Mwandishi,1970,20
Spontaneous Music Ensemble So What Do You Think,1970,0
Alice Coltrane Journey in Satchidananda,1970,4
Stanley Turrentine Sugar,1970,0
Woody Shaw Blackstone Legacy,1970,1
Freddie Hubbard Red Clay,1970,6
McCoy Tyner Asante,1970,2
Miles Davis Big Fun,1970,12
Leon Thomas Album,1970,0
Hubert Laws Afro Classic,1970,10
John McLaughlin My Goals Beyond,1970,3
ICP Orchestra Groupcomposing,1970,0
Guenter Hampel People Symphony,1970,0
Keith Tippett Dedicated To You But You Weren't Listening,1970,3
Misha Mengelberg Instant Composers Pool 005,1970,0
Guenter Hampel Ballet-Symphony,1970,0
Chris McGregor And the Brotherhood of Breath,1970,5
Joe McPhee Nation Time,1970,4
Dave Burrell After Love,1970,4
Sonny Sharrock Monkey-Pockie-Boo,1970,4
Carla Bley Escalator Over The Hill,1971,1
Charles Mingus Let My Children Hear Music,1971,2
Paul Bley Dual Unity,1971,4
Art Ensemble of Chicago Phase One,1971,4
Roland Kirk Natural Black Inventions - Root Strata,1971,0
Weather Report Weather Report,1971,0
Jean-Luc Ponty Open Strings,1971,0
Pharoah Sanders Black Unity,1971,5
Lol Coxhill Ear Of The Beholder,1971,4
Keith Jarrett Facing You,1971,7
Mike Westbrook Metropolis,1971,1
Willem Breuker Instant Composers Pool 008,1971,16
Jan Garbarek Sart,1971,4
Chick Corea The Gathering,1971,20
Keith Tippett Septober Energy,1971,4
Derek Bailey Solo Guitar,1971,16
George Russell Listen to the Silence,1971,15
Ornette Coleman Science Fiction,1971,4
Freddie Hubbard First Light,1971,0
Keith Jarrett Expectations,1971,0
Chick Corea Piano Improvisations,1971,2
Joe Zawinul Zawinul,1971,12
Joe McPhee Trinity,1971,4
Oliver Nelson Swiss Suite,1971,0
Terje Rypdal Terje Rypdal,1971,9
Alice Coltrane Universal Consciousness,1971,4
Paul Winter Icarus,1971,1
Alice Coltrane World Galaxy,1971,4
Paul Winter Road,1971,1
Donald Byrd Ethiopian Knights,1971,0
Tim Weisberg Tim Weisberg,1971,12
Anthony Braxton Saxophone Improvisations,1972,5
Dave Holland Conference of the Birds,1972,4
McCoy Tyner Sahara,1972,0
Weather Report I Sing the Body Electric,1972,12
Jean-Luc Ponty Sonata Erotica,1972,20
London Jazz Composers Orchestra Ode,1972,5
Herbie Hancock Crossings,1972,12
John Surman Westering Home,1972,7
Chick Corea Light as a Feather,1972,12
Guenter Hampel Familie,1972,0
Chick Corea Return To Forever,1972,12
Paul Motian Conception Vessel,1972,7
Neil Ardley Symphony of Amaranths,1972,21
David Liebman Open Sky,1972,4
Ornette Coleman Skies of America,1972,20
Gato Barbieri Bolivia,1972,21
Eric Kloss One Two Free,1972,0
Gary Burton Crystal Silence,1972,1
Evan Parker Collective Calls,1972,5
Guenter Hampel Angel,1972,0
Albert Mangelsdorff Trombirds,1972,4
Julius Hemphill Dogon AD,1972,4
Randy Weston Tanjah,1972,12
Guenter Hampel Waltz For 11 Universes In A Corridor,1972,0
Joe Henderson Black Is The Color,1972,0
"Guenter Hampel Broadway ,",1972,0
Nucleus Belladonna,1972,0
Miles Davis On The Corner,1972,23
Oregon Music Of Another Present Era,1972,1
Paul Bley Open To Love,1972,1
George Russell Living Time,1972,12
McCoy Tyner Echoes of a Friend,1972,21
Mahavishnu Orchestra Birds of Fire,1972,3
Stanley Cowell Illusion Suite,1972,12
Stanley Clarke Children of Forever,1972,12
Gary Bartz Juju Street Songs,1972,12
Airto Moreira Free,1972,9
Sam Rivers Streams,1973,0
Roland Kirk Prepare Thyself To Deal With A Miracle,1973,0
Dollar Brand Sangoma,1973,0
Art Ensemble of Chicago Fanfare For The Warriors,1973,4
Don Cherry Relativity Suite,1973,4
Cecil Taylor Spring of Two Blue J's,1973,4
Keith Jarrett Solo Concerts,1973,16
McCoy Tyner Enlightnment,1973,0
Carla Bley Tropic Appetites,1973,1
Dollar Brand African Space Program,1973,0
Marion Brown Geechee Recollections,1973,4
Herbie Hancock Sextant,1973,12
Frank Wright Church Number Nine,1973,4
Gato Barbieri Latin America,1973,0
Frank Lowe Black Beings,1973,4
Ralph Towner Diary,1973,1
Dewey Redman The Ear of the Behearer,1973,4
Eberhard Weber Colours of Chloe,1973,1
Roswell Rudd Numatik Swing Band,1973,0
Oregon Distant Hills,1973,1
Dollar Brand African Portraits,1973,0
Weather Report Sweetnighter,1973,12
David Liebman Lookout Farm,1973,1
Oscar Peterson Trio,1973,0
Cecil Taylor Solo,1973,0
John Surman Morning Glory,1973,2
Betty Carter Album,1973,0
Mal Waldron Up Popped the Devil,1973,4
Michael Mantler No Answer,1973,1
Billy Cobham Spectrum,1973,3
Herbie Hancock Headhunters,1973,22
Spontaneous Music Ensemble Mouthpiece,1973,0
Charles Earland Leaving This Planet,1973,12
Flora Purim Butterfly Dreams,1973,12
Herbie Hancock Thrust,1973,12
Billy Cobham Crosswinds,1973,12
Sam Rivers Crystals,1974,5
Cecil Taylor Silent Tongues,1974,16
Steve Lacy Saxophone Special,1974,4
Jeanne Lee Conspiracy,1974,4
Leo Smith Reflectativity,1974,0
Bennie Maupin The Jewel In The Lotus,1974,12
Weather Report Mysterious Traveller,1974,12
Randy Weston Blues To Africa,1974,21
Marion Brown Sweet Earth Flying,1974,4
Paul Rutherford Gentle Harm of the Bourgeoisie,1974,4
Marvin Peterson Children of the Fire,1974,6
John Abercrombie Timeless,1974,9
Roswell Rudd Flexible Flyer,1974,4
McCoy Tyner Atlantis,1974,21
Globe Unity Orchestra Hamburg '74,1974,4
Cecil McBee Mutima,1974,0
Mahavishnu Orchestra Apocalypse,1974,3
Ralph Towner Solstice,1974,1
Terje Rypdal Whenever I Seem To Be Far Away,1974,9
Roscoe Mitchell Solo Saxophone Concerts,1974,0
Steve Kuhn Ecstasy,1974,2
Joe McPhee Pieces Of Light,1974,4
Keith Jarrett Death and the Flower,1974,4
Steve Kuhn Trance,1974,21
Steve Lacy Scraps,1974,0
David Liebman Drum Ode,1974,12
Kenny Barron Peruvian Blue,1974,2
Tete Montoliu Music for Perla,1974,0
Bill Watrous Manhattan Wildlife Refuge,1974,17
Lonnie Liston Smith Expansions,1974,0
Mike Gibbs Only Chrome Waterfall,1974,0
McCoy Tyner Sama Layuca,1974,2
Oregon Winter Light,1974,0
Billy Cobham Total Eclipse,1974,3
Keith Jarrett The Koeln Concert,1975,0
Revolutionary Ensemble The Psyche,1975,4
Miles Davis Pangaea,1975,12
Evan Parker Saxophone Solos,1975,5
Leroy Jenkins For Players Only,1975,0
Air Air Song,1975,0
Oliver Lake Heavy Spirits,1975,5
Kenny Wheeler Gnu High,1975,1
Terje Rypdal Odyssey,1975,1
Steve Lacy Dreams,1975,4
Pat Metheny Bright Size Life,1975,12
Anthony Braxton Five Pieces,1975,4
Don Pullen Solo Piano Album,1975,0
Dexter Gordon Bouncing' with Dex,1975,0
Michael Mantler Michael Mantler - Carla Bley,1975,17
Sonny Sharrock Paradise,1975,4
Dudu Pukwana Diamond Express,1975,4
Kenny Barron Lucifer,1975,0
Frank Lowe The Flam,1975,4
John Surman S.O.S.,1975,1
Don Pullen Healing Force,1975,16
Miles Davis Get Up With It,1975,20
Julius Hemphill Coon Bid'ness,1975,4
Gateway Trio Gateway,1975,0
Collin Walcott Cloud Dance,1975,1
Don Moye Sun Percussion,1975,4
Martial Solal Nothing But Piano,1975,1
Eberhard Weber Yellow Fields,1975,1
Don Pullen Five To Go,1975,17
Charles Tolliver Impact,1975,2
Lol Coxhill Welfare State,1975,15
David Liebman Forgotten Fantasies,1975,0
Joe McPhee The Willisau Concert,1975,5
Yosuke Yamashita Chiasma,1975,4
Michael Mantler The Hapless Child,1975,22
Dollar Brand Soweto,1975,21
Don Pullen Capricorn Rising,1975,4
Stanley Clarke Journey to Love,1975,22
Enrico Rava The Pilgrim and the Stars,1975,1
Manhattan Transfer Manhattan Transfer,1975,17
Keith Jarrett Survivors Suite,1976,1
George Lewis Solo Trombone Record,1976,16
Air Air Raid,1976,0
David Murray Flowers for Albert,1976,4
Derek Bailey Company 1,1976,5
Jan Garbarek Dis,1976,1
Irene Schweizer Wilde Senoritas,1976,0
Albert Mangelsdorff Tromboneliness,1976,16
Leo Smith Song of Humanity,1976,0
Tony Coe Zeitgeist,1976,0
Ornette Coleman Dancing in Your Head,1976,4
Jaco Pastorius Jaco Pastorius,1976,12
Martial Solal Movability,1976,1
Hamiet Bluiett Endangered Species,1976,0
Art Lande Rubisa Patrol,1976,1
Chick Corea Romantic Warrior,1976,12
George Adams Suite For Swingers,1976,0
Jean-Luc Ponty Imaginary Voyage,1976,3
David Friesen Star Dance,1976,0
Dexter Gordon Biting the Apple,1976,6
Joachim Kuhn Springfever,1976,3
Eberhard Weber The Following Morning,1976,1
Lew Tabackin Dual Nature,1976,0
Chico Freeman Morning Prayer,1976,0
Weather Report Black Market,1976,12
Charles Tyler Saga Out of the Outlaws,1976,0
Al DiMeola Land of The Midnight Sun,1976,12
Woody Shaw Little Red's Fantasy,1976,2
Stanley Clarke School Days,1976,0
Yosuke Yamashita Banslikana,1976,4
Ran Blake Wende,1976,0
Guenter Christmann Solomusiken Fuer Posaune und Kontrabasse,1976,0
Egberto Gismondi Danca Das Cabecas,1976,0
George Lewis Chicago Slow Dance,1977,0
Air Air Time,1977,0
George Lewis Shadowgraph,1977,4
Joe McPhee Graphics,1977,0
James Ulmer Revealing,1977,14
Pat Metheny Watercolors,1977,9
John Scofield East Meets West,1977,12
Leroy Jenkins Solo Concert,1977,0
Julius Hemphill Blue Boye,1977,15
Michael Mantler Movies,1977,1
Abdul Wadud By Myself,1977,0
Roscoe Mitchell Nonaah,1977,4
Joanne Brackeen Tring A Ling,1977,0
Art Lande Desert Marauders,1977,1
Chico Freeman Kings of Mali,1977,16
Art Pepper No Limit,1977,0
Arthur Blythe Metamorphosis,1977,2
Collin Walcott Grazing Dreams,1977,1
David Friesen Waterfall Rainbow,1977,0
Dave Holland Emerald Tears,1977,1
Neil Ardley Kaleidoscope of Rainbows,1977,14
Chico Freeman Chico,1977,0
Frank Lowe Lowe And Behold,1977,0
Vinny Golia Spirits In Fellowship,1977,0
Weather Report Heavy Weather,1977,12
Ernie Krivda Satanic,1977,0
Derek Bailey Company 5,1977,16
Chico Freeman No Time Left,1977,4
Paul Motian Dance,1977,1
Hamiet Bluiett SOS,1977,0
Jan Garbarek Places,1977,1
World Saxophone Quartet Point Of No Return,1977,4
John Tchicai Real,1977,1
Julius Hemphill Raw Materials and Residuals,1977,0
George Russell Vertical Form 6,1977,0
Joanne Brackeen Aft,1977,0
Julius Hemphill Roi Boye and the Gotham Minstrels,1977,4
Kenny Wheeler Deer Wan,1977,1
Irene Schweizer Hexensabbat,1977,0
Leroy Jenkins Lifelong Ambitions,1977,5
Globe Unity Pearls,1977,0
Ralph Towner Sound And Shadows,1977,11
Hamiet Bluiett Birthright,1977,4
Jean-Luc Ponty Enigmatic Ocean,1977,3
Muhal Richard Abrams 1-OQA+19,1977,4
Cecil McBee Music From the Source,1977,7
Steve Lacy Raps,1977,7
Woody Shaw Rosewood,1977,0
Gateway Trio 2,1977,0
Louis Hayes The Real Thing,1977,0
McCoy Tyner Supertrio,1977,0
Al DiMeola Elegant Gypsy,1977,3
Michael Urbaniak Urbaniak,1977,0
Keith Jarrett My Song,1977,0
Arthur Blythe Bush Baby,1977,4
Sheila Jordan Sheila,1977,0
Leo Smith Mass on the World,1978,0
Roscoe Mitchell LRG-Maze-S II Examples,1978,4
Leroy Jenkins Legend of Ai Glatson,1978,2
Rova Saxophone Quartet Cinema Rovate,1978,0
Gerry Hemingway Kwambe,1978,0
Sam Rivers Waves,1978,4
George Lewis Imaginary Suite,1978,15
Don Pullen Warriors,1978,4
Guenter Hampel Oasis,1978,0
Cecil Taylor 3 Phasis,1978,5
John Oswald Improvised,1978,1
Andrew Cyrille Metamusician's Stomp,1978,4
Ralph Towner Batik,1978,0
Art Ensemble of Chicago Nice Guys,1978,4
Carla Bley Musique Mecanique,1978,1
Air Open Air Suit,1978,15
Marvin Peterson The Light,1978,21
Anthony Davis Of Blues and Dream,1978,0
David Liebman Pendulum,1978,2
Pat Metheny Group,1978,12
Ernie Krivda The Alchemist,1978,0
Evan Parker Monoceros,1978,16
Anthony Braxton For Four Orchestras,1978,0
Ganelin Trio Concerto Grosso,1978,5
Cecil Taylor Cecil Taylor Unit,1978,5
James Ulmer Tales From Captain Black,1978,14
Oliver Lake Life Dance Of Is,1978,0
Lester Bowie African Children,1978,0
World Saxophone Quartet Steppin' With,1978,0
Arthur Blythe Lenox Avenue Breakdown,1978,1
Paul Winter Common Ground,1978,1
Kenny Barron Innocence,1978,0
Fred Anderson Another Place,1978,0
Guenter Hampel Freedom Of The Universe,1978,0
Dewey Redman Soundsigns,1978,0
Misha Mengelberg Pech Onderweg,1978,0
Max Roach & Anthony Braxton Birth And Rebirth,1978,23
Chico Freeman The Outside Within,1978,7
Egberto Gismondi Solo,1978,0
Rova Saxophone Quartet Removal of Secrecy,1979,0
Lesli Dalaba Trumpet Songs And Dances,1979,0
Anthony Braxton Alto Saxophone Improvisations,1979,5
Dollar Brand African Marketplace,1979,4
Martial Solal Four Keys,1979,11
Terje Rypdal Descendre,1979,9
Jack DeJohnette Special Edition,1979,7
Andrew Cyrille Nuba,1979,4
James Newton Mystery School,1979,0
Art Pepper Straight Life,1979,23
Anthony Davis Hidden Voices,1979,4
Errol Parker Doodles,1979,0
Niels-Henning Orsted Pedersen Dancing On The Tables,1979,6
Amina Claudine Myers Song For Mother Earth,1979,0
George Lewis Homage to Charles Parker,1979,5
Paul Motian Le Voyage,1979,1
Bunky Green Places We've Never Been,1979,0
John Surman Upon Reflection,1979,11
Joseph Jarman Magic Triangle,1979,4
Max Roach & Anthony Braxton One in Two,1979,23
Woody Shaw Woody III,1979,7
Max Roach Pictures In A Frame,1979,0
Ralph Towner Solo Concert,1979,1
Kenny Wheeler Around 6,1979,1
Billy Bang Distinction Without A Difference,1979,0
Cecil McBee Alternate Spaces,1979,1
Fred Anderson Dark Day,1979,4
Al DiMeola Splendido Hotel,1979,22
String Trio Of New York First String,1979,0
Pat Metheny American Garage,1979,9
Billy Bang Sweet Space,1979,0
Paul Lytton The Inclined Stick,1979,0
Warren Vache Polished Brass,1979,0
Eberhard Weber Fluid Rustle,1979,12
Guenter Christmann Weavers,1979,0
Egberto Gismondi Danca Das Escravos,1979,0
Anthony Davis Lady of the Mirrors,1980,0
Rova Saxophone Quartet Invisible Frames,1980,0
Om Cerberus,1980,0
Pat Metheny As Falls Wichita So Falls Wichita,1980,9
Billy Bang Changing Seasons,1980,0
Charles Noyes Free Mammals,1980,0
Pat Metheny 1980-1981,1980,11
Steve Tibbetts YR,1980,12
World Saxophone Quartet WSQ,1980,0
David Murray Ming,1980,4
Ganelin Trio Ancora Da Capo,1980,5
Joanne Brackeen Ancient Dynasty,1980,0
Ran Blake Film Noir,1980,0
Muhal Richard Abrams Mama and Daddy,1980,4
Derek Bailey Aida,1980,16
Evan Parker Six of One,1980,16
Steps Ahead Step By Step,1980,0
Steve Beresford Double indemnity,1980,0
Music Revelation Ensemble No Wave,1980,2
Jan Garbarek Eventyr,1980,1
David Liebman If They Only Knew,1980,21
Tom Varner Quartet,1980,1
Harvie Swartz Underneath It All,1980,0
Paul Winter Callings,1980,0
World Saxophone Quartet Revue,1980,0
James Ulmer Are You Glad To Be In America,1980,0
Kazumi Watanabe To Chi Ka,1980,9
Chico Freeman Peaceful Heart Gentle Spirit,1980,0
Jack DeJohnette Tin Can Alley,1980,1
Jay Clayton All Out,1980,7
Ronald Shannon Jackson Eye on You,1980,0
Art Pepper Winter Moon,1980,2
Julius Hemphill Flat Out Jump Suite,1980,0
Anthony Davis Episteme,1981,16
Joe McPhee Topology,1981,5
Paul Motian Psalm,1981,1
Rova Saxophone Quartet As Was,1981,4
Marilyn Crispell Spirit Music,1981,0
MUhal Richard Abrams Blues Forever,1981,1
Henry Kaiser Aloha,1981,0
Sergey Kuryokhin The Ways of Freedom,1981,0
David Moss Terrain,1981,0
David Murray Home,1981,7
Frank Lowe Skizoke,1981,0
Willem Breuker In Holland,1981,5
Ronald Shannon Jackson Nasty,1981,0
Billy Bang Rainbow Gladiator,1981,4
Don Moye Black Paladins,1981,0
Frederic Hand Heart's Song,1981,17
Jaco Pastorius Word of Mouth,1981,3
Joanne Brackeen Special Identity,1981,1
Hal Russell NRG Ensemble,1981,4
Marvin Peterson The Angels of Atlanta,1981,0
Jan Garbarek Paths Prints,1981,1
Oscar Peterson Nigerian Marketplace,1981,6
Saheb Sarbib Aisha,1981,0
Ronald Shannon Jackson Street Priest,1981,1
Steve Douglas Rainbow Suite,1981,13
Steve Khan Eyewitness,1981,12
Wynton Marsalis Wynton Marsalis,1981,24
Keith Tippett Mujician,1981,0
Anthony Davis Variations In Dream-time,1982,0
Henry Threadgill When Was That,1982,1
Air 80 Degrees Below,1982,5
Billy Bang Outline No 12,1982,5
Dave Holland Life Cycle,1982,4
David Murray Murray's Steps,1982,1
Jane Ira Bloom Mighty Lights,1982,1
Lol Coxhill Instant Replay,1982,1
Dewey Redman The Struggle Continues,1982,11
Steve Lacy Flame,1982,4
Elements Elements,1982,0
Errol Parker Tentet,1982,0
James Ulmer Black Rock,1982,0
Joe McPhee Oleo,1982,4
John Carter Dauwhe,1982,4
Sonny Simmons Backwoods Suite,1982,0
Steps Ahead Paradox,1982,0
Tony Coe Tournee Du Chat,1982,0
Ronald Shannon Jackson Mandance,1982,3
Warren Vache Midtown Jazz,1982,0
Paul Winter Missa Gaia,1982,0
Cecil McBee Flying Out,1982,0
Shadowfax Shadowfax,1982,9
Jack DeJohnette Inflation Blues,1982,1
Stanley Jordan Touch Sensitive,1982,0
Kevin Eubanks Guitarist,1982,1
Derek Bailey Epiphany,1982,16
Borbetomagus Barbed Wire Maggot,1983,0
Anthony Davis Hemispheres,1983,16
Terje Rypdal Eos,1983,16
Don Pullen Evidence of Things Unseen,1983,4
James Newton Luella,1983,12
Marilyn Crispell Rhythms Hung in Undrawn Sky,1983,0
Ganelin Trio Semplice,1983,1
Microscopic Septet Take the Z Train,1983,1
MUhal Richard Abrams Rejoicing with Light,1983,4
Tim Berne Mutant Variations,1983,4
Steps Ahead Steps Ahead,1983,12
Dollar Brand Ekaya,1983,0
Jamaaladeen Tacuma Show Stopper,1983,22
Paul Motian The Story Of Maryam,1983,1
Joachim Kuhn I'm Not Dreaming,1983,0
Kenny Wheeler Double Double You,1983,1
Lakshiminarayana Subramaniam Spanish Wave,1983,0
Roger Neumann Introducing Rather Large Band,1983,0
Dave Holland Jumpin' In,1983,1
Henry Threadgill Just the Facts,1983,1
George Russell So What,1983,12
Bobby Shew Breakfast Wine,1983,0
Bob Wasserman Solo,1983,10
Joe McPhee Visitation,1983,4
Bobby Watson Jewel,1983,1
Branford Marsalis Scenes In The City,1983,24
Ronald Shannon Jackson Barbeque Dog,1983,1
Shadowfax Shadowdance,1983,12
John Zorn Locus Solus,1984,7
Geri Allen Printmakers,1984,1
Steps Ahead Modern Times,1984,9
Oliver Lake Expandable Language,1984,1
Henry Threadgill Subject To Change,1984,0
Hal Russell Conserving NRG,1984,4
Microscopic Septet Let's Flip,1984,0
Joachim Kuhn Distance,1984,0
Henry Kaiser Invite The Spirit,1984,16
Mark Helias Split Image,1984,0
Hilton Ruiz Crosscurrents,1984,0
Paul Motian It Should've Happened A Long Time Ago,1984,1
Keith Tippett A Loose Kite In A Gentle Wind,1984,5
Dave Holland Seeds of Time,1984,1
James Williams Alter Ego,1984,0
Andy Laverne Liquid Silver,1984,0
Bobby McFerrin The Voice,1984,1
Butch Morris Current Trends In Racism,1985,15
Bobby Previte Bump The Renaissance,1985,1
George Russell The African Game,1985,4
Rova Saxophone Quartet Crowd,1985,4
Lyle Mays Lyle Mays,1985,1
David Liebman The Loneliness Of A Long-Distance Runner,1985,1
James Newton Water Mystery,1985,0
Hank Robertson Transparency,1985,0
David Torn Best Laid Plans,1985,12
Borbetomagus Borbeto Jam,1985,0
Mark Nauseef Wun Wun,1985,1
Kip Hanrahan Vertical Currency,1985,12
Patrick O'Hearn Ancient Dreams,1985,0
Don Pullen Sixth Sense,1985,0
John Carter Castles of Ghana,1985,0
Gerry Hemingway Outerbridge Crossing,1985,1
Leni Stern Clairvoyant,1985,0
Marc Johnson Bass Desires,1985,9
Terje Rypdal Chasers,1985,1
Tom Harrell Moon Alley,1985,0
Wynton Marsalis Black Codes,1985,11
Wynton Marsalis J Mood,1985,1
Paul Winter Canyon,1985,0
Tony Williams Civilization,1985,22
Michael Mantler Alien,1985,1
Herbie Hancock Village Life,1985,12
Manhattan Transfer Vocalese,1985,17
John Zorn Cobra,1986,16
Evan Parker Atlanta,1986,5
ICP Orchestra Bospaadje Konijnehol I,1986,0
Steve Coleman On the Edge Of Tomorrow,1986,4
Steve Lacy Outings,1986,0
Jim Staley Mumbo Jumbo,1986,5
James Newton Romance and Revolution,1986,0
Tim Berne Fulton Street Maul,1986,5
Cecil Taylor For Olim,1986,5
Last Exit Last Exit,1986,0
Michael Shrieve In Suspect Terrain,1986,0
Kazumi Watanabe Spice Of Life,1986,12
Ned Rothenberg Trespass ,1986,0
Sonny Sharrock Guitar,1986,5
Evan Parker The Snake Decides,1986,16
Courtney Pine Journey to the Urge Within,1986,1
Henry Threadgill You Know the Number,1986,0
Last Exit Koln,1986,4
John Carter Dance of Love Ghosts,1986,1
Kenny G Duotones,1986,0
Reggie Workman Synthesis,1986,7
Ran Blake Short Life of Barbara Monk,1986,0
Bobby Watson Love Remains,1986,0
Christy Doran Red Twist and Tuned Arrow,1986,4
Arturo Sandoval Tumbaito,1986,0
Henry Threadgill Easily Slip Into Another World,1987,1
Anthony Davis Undine,1987,1
Steve Lacy Momentum,1987,4
John Zorn Spillane,1987,0
Hank Roberts Black Pastels,1987,9
Marilyn Crispell Labyrinths,1987,4
Guy Klucevsek Scenes From A Mirage,1987,15
David Torn Cloud About Mercury,1987,1
"Bobby Previte Dull Bang, Gushing Sound, Human Shriek",1987,0
Tim Berne Sanctified Dreams,1987,4
Borbetomagus Fish That Sparkling Bubble,1987,4
Marty Ehrlich Pliant Plaint,1987,1
Benny Carter Central City Sketches,1987,17
Bobby Previte Pushing The Envelope,1987,1
Phil Woods Bouquet,1987,0
Danny Gottlieb Aquamarine,1987,3
Dave Holland Razor's Edge,1987,1
Elements Illumination,1987,0
Henry Kaiser Crazy-backwards Alphabet,1987,16
Henry Kaiser Devil In The Drain,1987,15
Kenny Wheeler Flutter By Butterfly,1987,1
Mark Helias The Current Set,1987,1
Michael Brecker Michael Brecker,1987,9
Montreaux Sign Language,1987,0
Sonny Sharrock Seize the Rainbow,1987,7
Mulgrew Miller Wingspan,1987,0
Neil Swainson 49th Parallel,1987,0
Earthworks Earthworks,1987,0
Bill Frisell Before We Were Born,1988,1
Henry Threadgill Rag Bush And All,1988,1
Turtle Island String Quartet Turtle Island String Quartet,1988,0
Lyle Mays Street Dreams,1988,12
Dave Holland Triplicate,1988,1
Jackie McLean Dynasty,1988,0
John Carter Fields,1988,4
Leni Stern Secrets,1988,9
Microscopic Septet Beauty Based on Science,1988,0
Music Revelation Ensemble Music Revelation Ensemble,1988,14
Willem Breuker Psalm 122,1988,0
Steve Turre Fire and Ice,1988,0
Trilok Gurtu Usfret,1988,12
Bobby Previte Claude's Late Morning,1988,1
Bill Frisell Lookout for Hope,1988,1
Misha Mengelberg Impromptus,1988,0
Marcus Roberts Truth is Spoken Here,1988,11
David Ware Passage To Music,1988,4
David Liebman Trio + One,1988,1
Freddie Hubbard Stardust,1988,6
Gary Thomas Code Violations,1988,9
Hilton Ruiz El Camino,1988,0
Phil Woods Evolution,1988,0
Ralph Moore Rejuvinate,1988,0
Marty Ehrlich Traveller's Tale,1989,0
Tim Berne Fractured Fairy Tales,1989,1
Joe Maneri Kalavinka,1989,0
Joe Lovano Worlds,1989,0
Nimal Nimal,1989,0
John Oswald Plunderphonics,1989,0
Michael Shrieve Stiletto,1989,1
Dave Holland Extensions,1989,1
Andrew Hill Eternal Spirit,1989,0
Christy Doran Phoenix,1989,0
Henry Kaiser Re-Marrying For Money,1989,15
Michael Shrieve Big Picture,1989,0
MUhal Richard Abrams Hearinga Suite,1989,0
Don Pullen Song Everlasting,1989,0
Fred Hersh Heartsongs,1989,0
Geri Allen Twylight,1989,0
John Zorn Naked City,1989,4
Leni Stern Closer To The Light,1989,0
Ganelin Trio Cantabile,1989,0
Marty Fogel Many Bobbing Heads,1989,22
London Jazz Composers' Orchestra Harmos,1989,0
Montreaux Let Them Say,1989,0
No Safety This Lost Leg,1989,15
John Carter Shadows on a Wall,1989,1
Ralph Peterson Triangular,1989,0
Ray Anderson Blues Bred,1989,1
Evan Parker Conic Sections,1989,16
Dewey Redman Living on the Edge,1989,4
Charles Earland Third Degree Burn,1989,0
John Scofield Time on my Hands,1989,8
Roy Hargrove Diamond In The Rough,1989,6
Tom Harrell Sail Away,1989,0
Tommy Flanagan Jazz Poet,1989,0
King Ubu Orchestru Binaurality,1992,0
Jane Ira Bloom Art & Aviation,1992,0
Maria Schneider Evanescence,1992,1
Geri Allen Maroons,1992,0
Wynton Marsalis Citi Movement,1992,0
Joe Lovano Universal Language,1992,0
Terence Blanchard The Malcolm X Jazz Suite,1992,0
Sergey Kuryokhin Some Combination of Fingers and Passion,1992,0
Medeski Martin and Wood Notes From the Underground,1992,7
Courtney Pine To The Eyes Of Creation,1992,1
Hank Roberts Little Motor People,1992,1
Zeena Parkins Ursa's Door,1992,0
Steve Turre Sanctified Shells,1992,0
Charles Gayle Repent,1992,0
Michael Formanek Loose Cannon,1992,0
Franz Koglmann L'Heure Bleue,1992,4
Bill Frisell Have a Little Faith,1992,1
Michael Mantler Folly Seeing All This,1992,0
Bill Frisell This Land,1992,2
Kenny Wheeler Kayak,1992,0
Aydin Esen Anadolu,1992,0
Christy Doran Corporate Art,1992,0
Hal Russell Bells,1992,4
Joachim Kuhn Dynamics,1992,0
John Scofield What We Do,1992,1
Mulgrew Miller Hand In Hand,1992,0
Paul Plimley When Silence Pulls,1992,0
Ray Anderson Every One of Us,1992,17
Uri Caine Sphere Music,1992,1
Sonny Simmons Ancient Ritual,1992,16
Franz Koglmann The Use of Memory,1990,0
Don Pullen Random Thoughts,1990,0
Gerry Hemingway Special Detail,1990,0
Michael Formanek Wide Open Spaces,1990,1
Geri Allen Nurturer,1990,0
Marty Ehrlich Emergency Peace,1990,0
Marilyn Crispell Overlapping Hands,1990,0
David Ware Great Bliss,1990,0
Charlie Haden Dream Keeper,1990,1
Bobby Previte Empty Suits,1990,1
Butch Morris Dust To Dust,1990,0
Jazz Passengers Implement Yourself,1990,0
Myra Melford Jump,1990,4
Danny Gottlieb Brooklyn Blues,1990,0
Mark Helias Attack the Future,1990,0
David Liebman The Tree,1990,1
Elements Spirit River,1990,2
Hank Roberts Birds Of Prey,1990,1
Music Revelation Ensemble Elec Jazz,1990,14
Kenny Wheeler Music for Large and Small Ensemble,1990,0
Bill Frisell Is That You,1990,0
ICP Orchestra Bospaadje Konijnehol II,1990,0
Phil Woods All Bird's Children,1990,17
Philip Catherine I Remember You,1990,0
Ray Anderson What Because,1990,14
MUhal Richard Abrams Blu Blu Blu,1990,0
Gerry Hemingway Down To The Wire,1990,0
Terence Blanchard Terence Blanchard,1990,1
Tom Harrell Form,1990,0
Yellowjackets Green House,1990,3
Kenny Wheeler Widow in the Window,1990,1
Egberto Gismondi Infancia,1990,0
Keith Tippett The Journey,1990,0
Matthew Shipp Circular Temple,1990,4
Steve Lacy Remains,1991,0
Wayne Horvitz Bring Your Camera,1991,0
John Butcher Thirteen Friendly Numbers,1991,0
Guy Klucevsek Flying Vegetables of the Apocalypse,1991,0
Michael Formanek Extended Animation,1991,1
Randy Weston Spirits Of Our Ancestors,1991,0
Bill Frisell Where in the World,1991,0
Don Byron Tuskegee Experiments,1991,1
Marilyn Crispell Images,1991,4
Bobby Previte Weather Clear Track Fast,1991,0
Music Revelation Ensemble After Dark,1991,0
Sonny Sharrock Ask the Ages,1991,4
Steve Coleman Black Science,1991,14
Joe Lovano From the Soul,1991,1
David Sanborn Another Hand,1991,1
David Ware Flight Of I,1991,4
Don Pullen Kele Mou Bana,1991,0
Terje Rypdal Q.E.D.,1991,0
Jackie McLean Rites of Passage,1991,11
Joanne Brackeen Is It Really True,1991,0
John Scofield Grace Under Pressure,1991,1
John Patitucci Heart Of The Bass,1991,0
Keith Jarrett Vienna Concert,1991,0
Julius Hemphill Fat Man And the Hard Blues,1991,0
London Jazz Composers' Orchestra Theoria,1991,0
Wynton Marsalis Blue Interlude,1991,23
Marty Ehrlich Side by Side,1991,1
Tim Berne Can't Put My Finger On It,1991,1
Joanne Brackeen Where Legends Dwell,1991,0
Joey Baron Tongue in Groove,1991,1
Max Roach To the Max,1991,0
Robert Dick Venturi Shadows,1991,0
Freddie Hubbard Temptation,1991,0
Fred Hersh Forward motion,1991,0
Steve Swallow Swallow,1991,1
Marcus Roberts As Serenity Approaches,1991,0
Steve Turre Right There,1991,1
Trilok Gurtu Living Magic,1991,0
Branford Marsalis The Beautiful Ones Are Not Yet Born,1991,2
Christy Doran What a Band,1991,0
Franz Koglmann Cantos I-IV,1993,0
Bill Dixon Vade Mecum,1993,0
Marilyn Crispell Santuerio,1993,0
George Lewis Voyager,1993,0
Matthew Shipp Prism,1993,4
Zeena Parkins Isabelle,1993,15
Bobby Previte Hue And Cry,1993,0
Marty Ehrlich Can You Hear A Motion,1993,0
Music Revelation Ensemble In The Name Of,1993,14
Henry Threadgill Too Much Sugar For a Dime,1993,0
Dave Douglas Parallel Worlds,1993,0
Wynton Marsalis In This House On This Morning,1993,0
Ken Vandermark Big Head Eddie,1993,0
Charles Gayle Consecration,1993,0
Greg Osby 3D Lifestyles,1993,0
Mulgrew Miller With Our Own Eyes,1993,0
John Scofield Hand Jive,1993,1
Steve Coleman Tao of Mad Phat,1993,0
James Ulmer Harmolodic Guitar with Strings,1993,0
Irene Schweizer Les Diaboliques,1993,0
Evan Parker Synergetics - Phonomanie III,1993,0
David Liebman The Seasons,1993,0
Joe Maneri Dahabenzapple,1993,0
Joey Baron Raised Pleasure Dot,1993,0
Cecil Taylor Always A Pleasure,1993,0
Charlie Hunter Trio,1993,1
Gerry Hemingway Demon Chaser,1993,16
Jessica Williams Next Step,1993,0
Roger Neumann Instant Heat,1993,0
Yosuke Yamashita Kurdish Dance,1993,0
Tom Harrell Upswing,1993,0
Ray Anderson Big Band Record,1993,0
Arturo Sandoval Danzon,1993,0
Myra Melford Even the Sounds Shine,1994,1
Toshiko Akiyoshi Desert Lady,1994,0
Matthew Shipp Critical Mass,1994,0
David Ware Cryptology,1994,0
Henry Threadgill Carry The Day,1994,0
Ken Vandermark Solid Action,1994,0
Steve Coleman Def Trance Beat,1994,1
Misha Mengelberg Mix,1994,0
Bobby Previte Slay The Suitors,1994,0
Joshua Redman Moodswing,1994,1
Franklin Kiermyer Solomon's Daughter,1994,5
Mark Helias Loopin' the Cool,1994,7
Jessica Williams Momentum,1994,0
Butch Morris Testament,1995,0
Dave Douglas In Our Lifetime,1995,0
Matthew Shipp The Flow of X,1995,0
Charlie Hunter Bing Bing Bing,1995,0
Marvin Peterson African Portraits,1995,0
Guy Klucevsek Citrus My Love,1995,0
Marty Ehrlich Just Before The Dawn,1995,0
Matthew Shipp Symbol Systems,1995,0
Gerry Hemingway Marmalade King,1995,0
Steve Turre Rhythm Within,1995,0
Medeski Martin and Wood Friday Afternoon In The Universe,1995,0
Reggie Workman Cerebral Caverns,1995,0
MUhal Richard Abrams One Line Two Views,1995,0
Dave Douglas Five,1995,0
Bill Frisell Go West,1995,0
David Ware Dao,1995,0
Henry Threadgill Makin' a Move,1995,0
Dave Holland Dream of the Elders,1995,0
David Ware Oblations and Blessings,1995,0
Paul Plimley Everything in Stage,1995,0
Matthew Shipp Before the World,1995,0
Don Byron Music for Six Musicians,1995,1
Uri Caine Toys,1995,1
Guillermo Gregorio Approximately,1996,0
"Ivo Perelman Seeds, Visions and Counterpoint",1996,0
Michael Formanek Nature of the Beast,1996,0
David Ware Wisdom of Uncertainty,1996,0
Maria Schneider Coming About,1996,1
Zeena Parkins Mouth=Maul=Betrayer,1996,15
Kenny Wheeler Siren's Song,1996,1
Gerry Hemingway Perfect World,1996,0
Matthew Shipp By the Law of Music,1996,4
Ivo Perelman Sound Hiearchy,1996,0
Bob Neill Triptycal,1996,0
Courtney Pine Modern Day Jazz Stories,1996,0
Joshua Redman Freedom In The Groove,1996,2
Branford Marsalis The Dark Keys,1996,0
Henry Threadgill Where's Your Cup,1996,0
Evan Parker Toward the Margins,1996,0
Guillermo Gregorio Ellipsis,1997,0
Matthew Shipp Strata,1997,0
Steve Coleman Genesis,1997,0
Marcus Roberts Blues for the New Millennium,1997,0
ICP Orchestra Jubilee Varia,1997,5
Tim Berne Insomnia,1997,0
Vandermark 5 Single Piece Flow,1997,0
David Liebman Time Immemorial,1997,0
Wynton Marsalis Blood on the Fields,1997,0
Franz Koglmann O Moon My Pin Up,1997,4
Courtney Pine Underground,1997,1
Leo Smith Golden Hearts Remembrance,1997,0
Keith Tippett Colours Fulfilled,1997,0
Joe Lovano Trio Fascination,1997,1
David Liebman The Elements - Water,1997,0
Dave Douglas Convergence,1998,0
Guillermo Gregorio Background Music,1998,0
Paul Plimley Sensology,1998,0
Vandermark 5 Target Dr Flag,1998,0
Zeena Parkins Pan-Acousticon,1998,0
Evan Parker Drawn Inward,1998,0
Dave Holland Points of View,1998,0
Jane Ira Bloom The Red Quartets,1999,0
Steve Coleman The Sonic Language of Myth - Believing Learning Knowing,1999,1
Marty Ehrlich Malinke's Dance,1999,1
Bill Dixon Papyrus I,1999,0
Guillermo Gregorio Red Cubed,1999,0
Paul Dunmall Bebop Starburst,1999,0
Matthew Shipp Expansion Power Release,1999,0
Misha Mengelberg Solo,1999,16
Marilyn Crispell Red,1999,0
Nels Cline The Inkling,1999,0
Marilyn Crispell Blue,1999,0
Evan Parker After Appleby,1999,0
Joshua Redman Beyond,1999,1
Maybe Monday Saturn's Finger,1999,0
Branford Marsalis Contemporary Jazz,1999,24
Terence Blanchard Wandering Moon,1999,0
"Richard Lee Johnson Fingertip Ship (Metro Blue, 1999)",1999,0
Spring Heel Jack Disappeared,2000,0
Guillermo Gregorio Faktura,2000,0
Joe Maneri Going To Church,2000,0
Myra Melford Dance Beyond the Color,2000,0
Andrew Hill Dusk,2000,0
Dave Douglas El Trilogy,2000,0
Denman Maroney Fluxations,2001,0
Supersilent 5 (Rune Grammofon),2001,16
Paul Dunmall The Great Divide (Cuneiform),2001,0
John Butcher Fixations,2001,0
Ken Vandermark Territory Band Atlas (2001),2001,0
Wynton Marsalis All Rise,2001,0
Jason Moran Black Stars,2001,0
Bob Belden Black Dahlia,2001,0
Sven Ake Johansson Six Little Pieces for Quintet,2001,0
Matthew Shipp New Orbit (2001),2001,0
Repeat Select Dialect,2001,0
Roy Campbell Ethnic Stew,2001,0
Henry Threadgill Everybody's Mouth's A Book,2001,0
Brad Mehldau Art of the Trio,2001,11
Triangles Triangles,2001,0
Pillow Three Henries,2001,0
Evan Parker/ Keith Rowe Dark Rags,2001,0
Peter Broetzmann Fuck DeBoere,2001,0
Matthew Shipp New Orbit,2001,0
William Parker O'Neal's Porch,2001,7
"Crispell, Peacock, Motian Amaryllis",2001,1
Tom Harrell Paradise,2001,0
Fred Hersch Songs Without Words,2001,0
Dave Douglas Witness,2001,1
David Ware Corridors & Parallels,2001,0
Keith Jarrett Whisper Not,2001,11
Jane Ira Bloom Chasing Paint,2002,0
Spring Heel Jack Amassed,2002,0
Marty Ehrlich The Long View,2002,0
Brad Mehidau Largo,2002,0
Marty Ehrlich The Long View (Enja),2002,0
Spring Heel Jack Amassed  (Thirsty Ear),2002,0
Jane Ira Bloom Chasing Paint (2002),2002,0
Nels Cline Instrumentals (Cryptogramophone),2002,0
Ken Vandermark Territory Band Map Theory (2002),2002,0
Claudia Quintet I,2002,1
Andrew Hill A Beautiful Day (Palmetto),2002,0
Brad Mehidau Largo (Warner),2002,0
Mujician Spacetime (Cuneiform),2002,0
Evan Parker Memory/Vision (2002),2002,0
Randy Weston Ancient Future (Mutablemusic),2002,0
Bobby Previte The 23 Constellations of Joan Miro (Tzadik),2002,0
David Ware Freedom Suite (Aum),2002,0
Keith Jarrett Always Let Me Go (ECM),2002,7
Roscoe Mitchell Song For my Sister (Pi),2002,0
Joe Zawinul Faces and Places (ESC),2002,12
Tim Berne Science Friction (Screwgun),2002,0
Tomasz Stanko Soul of Things (ECM),2002,0
Hamiet Bluiett Blueback (Justin Time),2002,0
Thomas Buckner Alone Together Apart (Mutablemusic),2002,0
Joshua Redman Elastic (Warner),2002,11
Bobby Previte The 23 Constellations (Tzadik),2002,0
Leo Smith The Year of the Elephant (Pi),2002,0
Bill Frisell The Willies (Nonesuch),2002,0
Randy Sandke Inside Out (Nagel),2002,0
Jason Moran Modernistic (Blue Note),2002,0
Dave Douglas The Infinite (RCA),2002,0
Paul Motian Holiday for Strings (Winter),2002,0
Abdullah Ibrahim African Symphony (Enja),2002,0
Franz Koglmann Fear Death By Water,2003,0
Ivo Perelman Suite for Helen F,2003,0
Franz Koglmann Fear Death By Water (2003),2003,0
Denman Maroney Fluxations (New World),2003,0
Ivo Perelman Suite for Helen F (2003),2003,0
Jason Moran The Bandwagon (Blue Note),2003,0
Hiromi Another Mind (Telarc),2003,12
Claudia Quintet I Claudia (Cuneiform),2003,0
Vijay Iyer Blood Sutra (Artists House),2003,0
Spring Heel Jack Live (Thirsty Ear),2003,15
Paul Rucker History of an Apology (Jackson Street),2003,0
Scott Rosenberg Creative Orchestra Music (New World),2003,0
David Ware Threads (Thirsty Ear),2003,0
Angelica Sanchez Mirror Me (Omnitone),2003,0
Robert Glasper Mood (Fresh Sound),2003,0
Bad Plus These Are The Vistas (Columbia),2003,1
Michael Brecker Wide Angles (2003),2003,11
Tord Gustavsen Changing Places (ECM),2003,1
Dave Douglas Freak In (Bluebird),2003,16
Andrew Hill Passing Ships (Blue Note),2003,4
Dave Holland Extended Play (ECM),2003,0
Nicholas Payton Sonic Trance (Warner),2003,1
Jetemy Pelt Close to My Heart (Maxjazz),2003,0
Gilad Atzmon Exile (Justin Time),2003,0
Wayne Shorter Alegria (Verve),2003,0
Paul Dunmall I Wish You Peace (Cuneiform),2004,0
Triosk Moment Returns (Leaf),2004,0
Yeah No Swell Henry (Squealer),2004,0
Jane Ira Bloom Like Silver Like Song (2004),2004,0
Ken Vandermark Territory Band Company Switch (2004),2004,0
Jan Garbarek In Praise of Dreams (ECM),2004,1
Django Bates You Live and Learn (Lost Marble),2004,0
Don Byron Ivey-Divey (Blue Note),2004,0
Evan Parker The Eleventh Hour (2004),2004,0
Geri Allen The Life of a Song (Telarc),2004,1
Dave Douglas Strange Liberation (Bluebird),2004,0
Diana Krall The Girl in the Other Room (Verve),2004,1
New Orchestra Entropy (2004),2004,0
Branford Marsalis Eternal (Marsalis),2004,0
Wynton Marsalis The Magic Hour (Blue Note),2004,1
Dave Douglas Mountain Passages,2005,7
Territory Band A New Horse for the White House (october 2005),2005,0
Acoustic Ladyland Last Chance Disco (Babel),2005,0
Dave Douglas Mountain Passages (Green Leaf),2005,0
Either/Orchestra Ethiopiques 20,2005,0
Keith Rowe The Room (Earstwhile),2005,0
Joe Lovano Joyous Encounter (Blue Note),2005,0
Vijay Iyer Reimagining (Savoy),2005,0
Ken Vandermark Alchemia (Not Two),2005,0
Alex Von Schlippenbach Monk's Casino (Intakt),2005,0
Michael Attias Renku (Playscape),2005,0
Edmund Welles Agrippa's 3 Books (Self-Released),2005,0
Free Music Ensemble Cuts (Okkadisk),2005,0
Mats Gustafsson Catapult (Doubt),2005,0
Wayne Shorter Beyond The Sound Barrier (Verve),2005,1
Terence Blanchard Flow (Blue Note),2005,1
Dave Holland Over Time (Dare2),2005,0
Charlie Haden Liberation Music Orchestra Not In Our Name (Verve),2005,0
Acoustic Ladyland Skinny Grinn (Babel),2006,0
Territory Band Collide (Okkadisc),2006,0
Kenny Garrett Beyond the Wall,2006,0
Tomasz Stanko Lontano,2006,1
Zeena Parkins Necklace,2006,0
Andrew Hill Time Lines,2006,0
Dave Holland Critical Mass,2006,0
Paul Motian Garden of Eden,2006,0
Hilmar Jensson Meg Nem Sa (Skirl),2007,0
Agusti Martinez Are Spirits What I Hear (Etude),2007,0
Carla Bley Appearing Nightly (Watt),2008,0
Dave Holland Pass it On (Dare2),2008,0
Bill Frisell History Mystery (Nonesuch),2008,1
Leo Smith Tabligh (Cuneiform),2008,12
"Dave Hurley Outer Nebula, Inner Nebula (Porter)",2009,0
Joe Morris Colorfield,2009,0
Vijay Iver Historicity,2009,0
Ergo Multitude Solitude (Cuneiform),2009,0
Darcy James Argue Infernal Machines,2009,0
Steve Lehman Travil Transformation and Flow,2009,0
Bill Frisell Disfarmer,2009,1
Henry Threadgill This Brings to Us,2009,0
Joe Lovano Us Five (Blue Note),2009,1
